date,latitude,site,size,air_temp,air_temp_sd,water_temp,water_temp_sd,name
2016-07-24,30,GTM,12.43,21.792,6.391,24.502,6.121,Guana Tolomoto Matanzas NERR
2016-07-24,30,GTM,14.18,21.792,6.391,24.502,6.121,Guana Tolomoto Matanzas NERR
2016-07-24,30,GTM,14.52,21.792,6.391,24.502,6.121,Guana Tolomoto Matanzas NERR
2016-07-24,30,GTM,12.94,21.792,6.391,24.502,6.121,Guana Tolomoto Matanzas NERR
2016-07-24,30,GTM,12.45,21.792,6.391,24.502,6.121,Guana Tolomoto Matanzas NERR
2016-07-24,30,GTM,12.99,21.792,6.391,24.502,6.121,Guana Tolomoto Matanzas NERR
2016-07-24,30,GTM,10.32,21.792,6.391,24.502,6.121,Guana Tolomoto Matanzas NERR
2016-07-24,30,GTM,11.19,21.792,6.391,24.502,6.121,Guana Tolomoto Matanzas NERR
2016-07-24,30,GTM,12.68,21.792,6.391,24.502,6.121,Guana Tolomoto Matanzas NERR
2016-07-24,30,GTM,14.55,21.792,6.391,24.502,6.121,Guana Tolomoto Matanzas NERR
2016-07-24,30,GTM,14.92,21.792,6.391,24.502,6.121,Guana Tolomoto Matanzas NERR
2016-07-24,30,GTM,13.48,21.792,6.391,24.502,6.121,Guana Tolomoto Matanzas NERR
2016-07-24,30,GTM,13.76,21.792,6.391,24.502,6.121,Guana Tolomoto Matanzas NERR
2016-07-24,30,GTM,13.1,21.792,6.391,24.502,6.121,Guana Tolomoto Matanzas NERR
2016-07-24,30,GTM,13.56,21.792,6.391,24.502,6.121,Guana Tolomoto Matanzas NERR
2016-07-24,30,GTM,13.51,21.792,6.391,24.502,6.121,Guana Tolomoto Matanzas NERR
2016-07-24,30,GTM,12.12,21.792,6.391,24.502,6.121,Guana Tolomoto Matanzas NERR
2016-07-24,30,GTM,14.33,21.792,6.391,24.502,6.121,Guana Tolomoto Matanzas NERR
2016-07-24,30,GTM,12.52,21.792,6.391,24.502,6.121,Guana Tolomoto Matanzas NERR
2016-07-24,30,GTM,12.03,21.792,6.391,24.502,6.121,Guana Tolomoto Matanzas NERR
2016-07-24,30,GTM,11.84,21.792,6.391,24.502,6.121,Guana Tolomoto Matanzas NERR
2016-07-24,30,GTM,7.55,21.792,6.391,24.502,6.121,Guana Tolomoto Matanzas NERR
2016-07-24,30,GTM,12.59,21.792,6.391,24.502,6.121,Guana Tolomoto Matanzas NERR
2016-07-24,30,GTM,10.05,21.792,6.391,24.502,6.121,Guana Tolomoto Matanzas NERR
2016-07-24,30,GTM,13,21.792,6.391,24.502,6.121,Guana Tolomoto Matanzas NERR
2016-07-24,30,GTM,11.29,21.792,6.391,24.502,6.121,Guana Tolomoto Matanzas NERR
2016-07-24,30,GTM,11.58,21.792,6.391,24.502,6.121,Guana Tolomoto Matanzas NERR
2016-07-24,30,GTM,7.81,21.792,6.391,24.502,6.121,Guana Tolomoto Matanzas NERR
2016-07-26,31.4,SI,9.26,20.83,7.414,22.064,6.495,Sapelo Island NERR
2016-07-26,31.4,SI,12.58,20.83,7.414,22.064,6.495,Sapelo Island NERR
2016-07-26,31.4,SI,10.51,20.83,7.414,22.064,6.495,Sapelo Island NERR
2016-07-26,31.4,SI,8.09,20.83,7.414,22.064,6.495,Sapelo Island NERR
2016-07-26,31.4,SI,10.96,20.83,7.414,22.064,6.495,Sapelo Island NERR
2016-07-26,31.4,SI,9.55,20.83,7.414,22.064,6.495,Sapelo Island NERR
2016-07-26,31.4,SI,7.28,20.83,7.414,22.064,6.495,Sapelo Island NERR
2016-07-26,31.4,SI,12.66,20.83,7.414,22.064,6.495,Sapelo Island NERR
2016-07-26,31.4,SI,6.64,20.83,7.414,22.064,6.495,Sapelo Island NERR
2016-07-26,31.4,SI,10.56,20.83,7.414,22.064,6.495,Sapelo Island NERR
2016-07-26,31.4,SI,10.62,20.83,7.414,22.064,6.495,Sapelo Island NERR
2016-07-26,31.4,SI,11.11,20.83,7.414,22.064,6.495,Sapelo Island NERR
2016-07-26,31.4,SI,13.39,20.83,7.414,22.064,6.495,Sapelo Island NERR
2016-07-26,31.4,SI,7.65,20.83,7.414,22.064,6.495,Sapelo Island NERR
2016-07-26,31.4,SI,10.33,20.83,7.414,22.064,6.495,Sapelo Island NERR
2016-07-26,31.4,SI,6.91,20.83,7.414,22.064,6.495,Sapelo Island NERR
2016-07-26,31.4,SI,9.45,20.83,7.414,22.064,6.495,Sapelo Island NERR
2016-07-26,31.4,SI,7.96,20.83,7.414,22.064,6.495,Sapelo Island NERR
2016-07-26,31.4,SI,8.86,20.83,7.414,22.064,6.495,Sapelo Island NERR
2016-07-26,31.4,SI,13.63,20.83,7.414,22.064,6.495,Sapelo Island NERR
2016-07-26,31.4,SI,9.55,20.83,7.414,22.064,6.495,Sapelo Island NERR
2016-07-26,31.4,SI,10.75,20.83,7.414,22.064,6.495,Sapelo Island NERR
2016-07-26,31.4,SI,9.09,20.83,7.414,22.064,6.495,Sapelo Island NERR
2016-07-26,31.4,SI,9.09,20.83,7.414,22.064,6.495,Sapelo Island NERR
2016-07-26,31.4,SI,9.08,20.83,7.414,22.064,6.495,Sapelo Island NERR
2016-07-26,31.4,SI,9.73,20.83,7.414,22.064,6.495,Sapelo Island NERR
2016-07-26,31.4,SI,8.88,20.83,7.414,22.064,6.495,Sapelo Island NERR
2016-07-26,31.4,SI,11.42,20.83,7.414,22.064,6.495,Sapelo Island NERR
2016-07-26,31.4,SI,10.86,20.83,7.414,22.064,6.495,Sapelo Island NERR
2016-07-26,31.4,SI,9.18,20.83,7.414,22.064,6.495,Sapelo Island NERR
2016-07-28,33.3,NIB,14.53,18.967,7.99,21.144,7.164,North Inlet Winyah Bay NERR
2016-07-28,33.3,NIB,17.29,18.967,7.99,21.144,7.164,North Inlet Winyah Bay NERR
2016-07-28,33.3,NIB,14.69,18.967,7.99,21.144,7.164,North Inlet Winyah Bay NERR
2016-07-28,33.3,NIB,12.57,18.967,7.99,21.144,7.164,North Inlet Winyah Bay NERR
2016-07-28,33.3,NIB,12.89,18.967,7.99,21.144,7.164,North Inlet Winyah Bay NERR
2016-07-28,33.3,NIB,15.14,18.967,7.99,21.144,7.164,North Inlet Winyah Bay NERR
2016-07-28,33.3,NIB,16.99,18.967,7.99,21.144,7.164,North Inlet Winyah Bay NERR
2016-07-28,33.3,NIB,14.01,18.967,7.99,21.144,7.164,North Inlet Winyah Bay NERR
2016-07-28,33.3,NIB,15.32,18.967,7.99,21.144,7.164,North Inlet Winyah Bay NERR
2016-07-28,33.3,NIB,8.52,18.967,7.99,21.144,7.164,North Inlet Winyah Bay NERR
2016-07-28,33.3,NIB,11.98,18.967,7.99,21.144,7.164,North Inlet Winyah Bay NERR
2016-07-28,33.3,NIB,13.71,18.967,7.99,21.144,7.164,North Inlet Winyah Bay NERR
2016-07-28,33.3,NIB,8.84,18.967,7.99,21.144,7.164,North Inlet Winyah Bay NERR
2016-07-28,33.3,NIB,10.77,18.967,7.99,21.144,7.164,North Inlet Winyah Bay NERR
2016-07-28,33.3,NIB,12.71,18.967,7.99,21.144,7.164,North Inlet Winyah Bay NERR
2016-07-28,33.3,NIB,15.31,18.967,7.99,21.144,7.164,North Inlet Winyah Bay NERR
2016-07-28,33.3,NIB,10.55,18.967,7.99,21.144,7.164,North Inlet Winyah Bay NERR
2016-07-28,33.3,NIB,12.87,18.967,7.99,21.144,7.164,North Inlet Winyah Bay NERR
2016-07-28,33.3,NIB,17.04,18.967,7.99,21.144,7.164,North Inlet Winyah Bay NERR
2016-07-28,33.3,NIB,14.47,18.967,7.99,21.144,7.164,North Inlet Winyah Bay NERR
2016-07-28,33.3,NIB,13.63,18.967,7.99,21.144,7.164,North Inlet Winyah Bay NERR
2016-07-28,33.3,NIB,10.34,18.967,7.99,21.144,7.164,North Inlet Winyah Bay NERR
2016-07-28,33.3,NIB,15.82,18.967,7.99,21.144,7.164,North Inlet Winyah Bay NERR
2016-07-28,33.3,NIB,11.45,18.967,7.99,21.144,7.164,North Inlet Winyah Bay NERR
2016-07-28,33.3,NIB,15.88,18.967,7.99,21.144,7.164,North Inlet Winyah Bay NERR
2016-07-28,33.3,NIB,12.7,18.967,7.99,21.144,7.164,North Inlet Winyah Bay NERR
2016-07-28,33.3,NIB,11.95,18.967,7.99,21.144,7.164,North Inlet Winyah Bay NERR
2016-07-28,33.3,NIB,15.67,18.967,7.99,21.144,7.164,North Inlet Winyah Bay NERR
2016-07-28,33.3,NIB,11.4,18.967,7.99,21.144,7.164,North Inlet Winyah Bay NERR
2016-07-28,33.3,NIB,9.72,18.967,7.99,21.144,7.164,North Inlet Winyah Bay NERR
2016-07-29,34,ZI,14.71,18.631,8.397,20.234,7.651,Zeke's Island NERR
2016-07-29,34,ZI,12.5,18.631,8.397,20.234,7.651,Zeke's Island NERR
2016-07-29,34,ZI,14.73,18.631,8.397,20.234,7.651,Zeke's Island NERR
2016-07-29,34,ZI,13.05,18.631,8.397,20.234,7.651,Zeke's Island NERR
2016-07-29,34,ZI,12.74,18.631,8.397,20.234,7.651,Zeke's Island NERR
2016-07-29,34,ZI,12.18,18.631,8.397,20.234,7.651,Zeke's Island NERR
2016-07-29,34,ZI,13.64,18.631,8.397,20.234,7.651,Zeke's Island NERR
2016-07-29,34,ZI,13.96,18.631,8.397,20.234,7.651,Zeke's Island NERR
2016-07-29,34,ZI,15.74,18.631,8.397,20.234,7.651,Zeke's Island NERR
2016-07-29,34,ZI,13.73,18.631,8.397,20.234,7.651,Zeke's Island NERR
2016-07-29,34,ZI,14.31,18.631,8.397,20.234,7.651,Zeke's Island NERR
2016-07-29,34,ZI,13.39,18.631,8.397,20.234,7.651,Zeke's Island NERR
2016-07-29,34,ZI,11.91,18.631,8.397,20.234,7.651,Zeke's Island NERR
2016-07-29,34,ZI,9.81,18.631,8.397,20.234,7.651,Zeke's Island NERR
2016-07-29,34,ZI,10.38,18.631,8.397,20.234,7.651,Zeke's Island NERR
2016-07-29,34,ZI,11.27,18.631,8.397,20.234,7.651,Zeke's Island NERR
2016-07-29,34,ZI,11.62,18.631,8.397,20.234,7.651,Zeke's Island NERR
2016-07-29,34,ZI,12.8,18.631,8.397,20.234,7.651,Zeke's Island NERR
2016-07-29,34,ZI,11.41,18.631,8.397,20.234,7.651,Zeke's Island NERR
2016-07-29,34,ZI,13.88,18.631,8.397,20.234,7.651,Zeke's Island NERR
2016-07-29,34,ZI,11.1,18.631,8.397,20.234,7.651,Zeke's Island NERR
2016-07-29,34,ZI,11.65,18.631,8.397,20.234,7.651,Zeke's Island NERR
2016-07-29,34,ZI,9.95,18.631,8.397,20.234,7.651,Zeke's Island NERR
2016-07-29,34,ZI,9.87,18.631,8.397,20.234,7.651,Zeke's Island NERR
2016-07-29,34,ZI,8.29,18.631,8.397,20.234,7.651,Zeke's Island NERR
2016-07-29,34,ZI,8.45,18.631,8.397,20.234,7.651,Zeke's Island NERR
2016-07-29,34,ZI,15.1,18.631,8.397,20.234,7.651,Zeke's Island NERR
2016-07-29,34,ZI,11.69,18.631,8.397,20.234,7.651,Zeke's Island NERR
2016-07-29,34,ZI,9.86,18.631,8.397,20.234,7.651,Zeke's Island NERR
2016-07-29,34,ZI,8.05,18.631,8.397,20.234,7.651,Zeke's Island NERR
2016-07-29,34,ZI,10.58,18.631,8.397,20.234,7.651,Zeke's Island NERR
2016-07-29,34,ZI,13.51,18.631,8.397,20.234,7.651,Zeke's Island NERR
2016-07-29,34,ZI,10.34,18.631,8.397,20.234,7.651,Zeke's Island NERR
2016-07-29,34,ZI,11.96,18.631,8.397,20.234,7.651,Zeke's Island NERR
2016-07-29,34,ZI,14.07,18.631,8.397,20.234,7.651,Zeke's Island NERR
2016-08-01,34.7,RC,14.19,18.631,8.397,20.54,6.998,Rachel Carson NERR
2016-08-01,34.7,RC,11.17,18.631,8.397,20.54,6.998,Rachel Carson NERR
2016-08-01,34.7,RC,13.88,18.631,8.397,20.54,6.998,Rachel Carson NERR
2016-08-01,34.7,RC,17.64,18.631,8.397,20.54,6.998,Rachel Carson NERR
2016-08-01,34.7,RC,17.41,18.631,8.397,20.54,6.998,Rachel Carson NERR
2016-08-01,34.7,RC,12.59,18.631,8.397,20.54,6.998,Rachel Carson NERR
2016-08-01,34.7,RC,13.62,18.631,8.397,20.54,6.998,Rachel Carson NERR
2016-08-01,34.7,RC,16.37,18.631,8.397,20.54,6.998,Rachel Carson NERR
2016-08-01,34.7,RC,13.04,18.631,8.397,20.54,6.998,Rachel Carson NERR
2016-08-01,34.7,RC,10.19,18.631,8.397,20.54,6.998,Rachel Carson NERR
2016-08-01,34.7,RC,14.98,18.631,8.397,20.54,6.998,Rachel Carson NERR
2016-08-01,34.7,RC,13.35,18.631,8.397,20.54,6.998,Rachel Carson NERR
2016-08-01,34.7,RC,11.83,18.631,8.397,20.54,6.998,Rachel Carson NERR
2016-08-01,34.7,RC,11.81,18.631,8.397,20.54,6.998,Rachel Carson NERR
2016-08-01,34.7,RC,13.59,18.631,8.397,20.54,6.998,Rachel Carson NERR
2016-08-01,34.7,RC,11.05,18.631,8.397,20.54,6.998,Rachel Carson NERR
2016-08-01,34.7,RC,12.5,18.631,8.397,20.54,6.998,Rachel Carson NERR
2016-08-01,34.7,RC,12.09,18.631,8.397,20.54,6.998,Rachel Carson NERR
2016-08-01,34.7,RC,11.44,18.631,8.397,20.54,6.998,Rachel Carson NERR
2016-08-01,34.7,RC,10.41,18.631,8.397,20.54,6.998,Rachel Carson NERR
2016-08-01,34.7,RC,10.19,18.631,8.397,20.54,6.998,Rachel Carson NERR
2016-08-01,34.7,RC,9.41,18.631,8.397,20.54,6.998,Rachel Carson NERR
2016-08-01,34.7,RC,9.4,18.631,8.397,20.54,6.998,Rachel Carson NERR
2016-08-01,34.7,RC,10.09,18.631,8.397,20.54,6.998,Rachel Carson NERR
2016-08-01,34.7,RC,10.05,18.631,8.397,20.54,6.998,Rachel Carson NERR
2016-08-09,37.2,VCR,21.29,14.95,8.41,17.56,8.43,Virginia Coastal Reserve LTER
2016-08-09,37.2,VCR,19.36,14.95,8.41,17.56,8.43,Virginia Coastal Reserve LTER
2016-08-09,37.2,VCR,18.3,14.95,8.41,17.56,8.43,Virginia Coastal Reserve LTER
2016-08-09,37.2,VCR,17.33,14.95,8.41,17.56,8.43,Virginia Coastal Reserve LTER
2016-08-09,37.2,VCR,20.78,14.95,8.41,17.56,8.43,Virginia Coastal Reserve LTER
2016-08-09,37.2,VCR,21.35,14.95,8.41,17.56,8.43,Virginia Coastal Reserve LTER
2016-08-09,37.2,VCR,19.15,14.95,8.41,17.56,8.43,Virginia Coastal Reserve LTER
2016-08-09,37.2,VCR,11.66,14.95,8.41,17.56,8.43,Virginia Coastal Reserve LTER
2016-08-09,37.2,VCR,18.71,14.95,8.41,17.56,8.43,Virginia Coastal Reserve LTER
2016-08-09,37.2,VCR,19.76,14.95,8.41,17.56,8.43,Virginia Coastal Reserve LTER
2016-08-09,37.2,VCR,18.79,14.95,8.41,17.56,8.43,Virginia Coastal Reserve LTER
2016-08-09,37.2,VCR,14.2,14.95,8.41,17.56,8.43,Virginia Coastal Reserve LTER
2016-08-09,37.2,VCR,19.01,14.95,8.41,17.56,8.43,Virginia Coastal Reserve LTER
2016-08-09,37.2,VCR,12.94,14.95,8.41,17.56,8.43,Virginia Coastal Reserve LTER
2016-08-09,37.2,VCR,13.3,14.95,8.41,17.56,8.43,Virginia Coastal Reserve LTER
2016-08-09,37.2,VCR,19.9,14.95,8.41,17.56,8.43,Virginia Coastal Reserve LTER
2016-08-09,37.2,VCR,16.7,14.95,8.41,17.56,8.43,Virginia Coastal Reserve LTER
2016-08-09,37.2,VCR,15.04,14.95,8.41,17.56,8.43,Virginia Coastal Reserve LTER
2016-08-09,37.2,VCR,14.93,14.95,8.41,17.56,8.43,Virginia Coastal Reserve LTER
2016-08-09,37.2,VCR,14.04,14.95,8.41,17.56,8.43,Virginia Coastal Reserve LTER
2016-08-09,37.2,VCR,16.11,14.95,8.41,17.56,8.43,Virginia Coastal Reserve LTER
2016-08-09,37.2,VCR,16.22,14.95,8.41,17.56,8.43,Virginia Coastal Reserve LTER
2016-08-09,37.2,VCR,12.66,14.95,8.41,17.56,8.43,Virginia Coastal Reserve LTER
2016-08-09,37.2,VCR,13.99,14.95,8.41,17.56,8.43,Virginia Coastal Reserve LTER
2016-08-09,37.2,VCR,13.15,14.95,8.41,17.56,8.43,Virginia Coastal Reserve LTER
2016-08-09,37.2,VCR,14.65,14.95,8.41,17.56,8.43,Virginia Coastal Reserve LTER
2016-08-09,37.2,VCR,13.84,14.95,8.41,17.56,8.43,Virginia Coastal Reserve LTER
2016-08-09,37.2,VCR,15.93,14.95,8.41,17.56,8.43,Virginia Coastal Reserve LTER
2016-08-09,37.2,VCR,15.06,14.95,8.41,17.56,8.43,Virginia Coastal Reserve LTER
2016-08-09,37.2,VCR,11.92,14.95,8.41,17.56,8.43,Virginia Coastal Reserve LTER
2016-08-07,39.1,DB,18.06,13.932,9.965,15.657,9.121,Delaware Bay NERR
2016-08-07,39.1,DB,18.3,13.932,9.965,15.657,9.121,Delaware Bay NERR
2016-08-07,39.1,DB,14.21,13.932,9.965,15.657,9.121,Delaware Bay NERR
2016-08-07,39.1,DB,17.35,13.932,9.965,15.657,9.121,Delaware Bay NERR
2016-08-07,39.1,DB,16.6,13.932,9.965,15.657,9.121,Delaware Bay NERR
2016-08-07,39.1,DB,13.46,13.932,9.965,15.657,9.121,Delaware Bay NERR
2016-08-07,39.1,DB,15.08,13.932,9.965,15.657,9.121,Delaware Bay NERR
2016-08-07,39.1,DB,15.81,13.932,9.965,15.657,9.121,Delaware Bay NERR
2016-08-07,39.1,DB,20.32,13.932,9.965,15.657,9.121,Delaware Bay NERR
2016-08-07,39.1,DB,17.33,13.932,9.965,15.657,9.121,Delaware Bay NERR
2016-08-07,39.1,DB,16.64,13.932,9.965,15.657,9.121,Delaware Bay NERR
2016-08-07,39.1,DB,14.92,13.932,9.965,15.657,9.121,Delaware Bay NERR
2016-08-07,39.1,DB,18.45,13.932,9.965,15.657,9.121,Delaware Bay NERR
2016-08-07,39.1,DB,20.38,13.932,9.965,15.657,9.121,Delaware Bay NERR
2016-08-07,39.1,DB,17.19,13.932,9.965,15.657,9.121,Delaware Bay NERR
2016-08-07,39.1,DB,13.06,13.932,9.965,15.657,9.121,Delaware Bay NERR
2016-08-07,39.1,DB,13.9,13.932,9.965,15.657,9.121,Delaware Bay NERR
2016-08-07,39.1,DB,16.01,13.932,9.965,15.657,9.121,Delaware Bay NERR
2016-08-07,39.1,DB,14.27,13.932,9.965,15.657,9.121,Delaware Bay NERR
2016-08-07,39.1,DB,13.5,13.932,9.965,15.657,9.121,Delaware Bay NERR
2016-08-07,39.1,DB,15,13.932,9.965,15.657,9.121,Delaware Bay NERR
2016-08-07,39.1,DB,14.3,13.932,9.965,15.657,9.121,Delaware Bay NERR
2016-08-07,39.1,DB,15.12,13.932,9.965,15.657,9.121,Delaware Bay NERR
2016-08-07,39.1,DB,14.25,13.932,9.965,15.657,9.121,Delaware Bay NERR
2016-08-07,39.1,DB,15.36,13.932,9.965,15.657,9.121,Delaware Bay NERR
2016-08-07,39.1,DB,14.26,13.932,9.965,15.657,9.121,Delaware Bay NERR
2016-08-07,39.1,DB,13.28,13.932,9.965,15.657,9.121,Delaware Bay NERR
2016-08-07,39.1,DB,11.46,13.932,9.965,15.657,9.121,Delaware Bay NERR
2016-08-07,39.1,DB,14.36,13.932,9.965,15.657,9.121,Delaware Bay NERR
2016-08-07,39.1,DB,15.89,13.932,9.965,15.657,9.121,Delaware Bay NERR
2016-08-08,39.6,JC,20.92,13.143,9.814,15.051,9.016,Jacques Cousteau NERR
2016-08-08,39.6,JC,18.36,13.143,9.814,15.051,9.016,Jacques Cousteau NERR
2016-08-08,39.6,JC,12.12,13.143,9.814,15.051,9.016,Jacques Cousteau NERR
2016-08-08,39.6,JC,12.84,13.143,9.814,15.051,9.016,Jacques Cousteau NERR
2016-08-08,39.6,JC,12.83,13.143,9.814,15.051,9.016,Jacques Cousteau NERR
2016-08-08,39.6,JC,17.56,13.143,9.814,15.051,9.016,Jacques Cousteau NERR
2016-08-08,39.6,JC,18.39,13.143,9.814,15.051,9.016,Jacques Cousteau NERR
2016-08-08,39.6,JC,15.33,13.143,9.814,15.051,9.016,Jacques Cousteau NERR
2016-08-08,39.6,JC,17.93,13.143,9.814,15.051,9.016,Jacques Cousteau NERR
2016-08-08,39.6,JC,18.35,13.143,9.814,15.051,9.016,Jacques Cousteau NERR
2016-08-08,39.6,JC,15.78,13.143,9.814,15.051,9.016,Jacques Cousteau NERR
2016-08-08,39.6,JC,16.03,13.143,9.814,15.051,9.016,Jacques Cousteau NERR
2016-08-08,39.6,JC,12.22,13.143,9.814,15.051,9.016,Jacques Cousteau NERR
2016-08-08,39.6,JC,9.58,13.143,9.814,15.051,9.016,Jacques Cousteau NERR
2016-08-08,39.6,JC,14.39,13.143,9.814,15.051,9.016,Jacques Cousteau NERR
2016-08-08,39.6,JC,12.74,13.143,9.814,15.051,9.016,Jacques Cousteau NERR
2016-08-08,39.6,JC,13.48,13.143,9.814,15.051,9.016,Jacques Cousteau NERR
2016-08-08,39.6,JC,15.52,13.143,9.814,15.051,9.016,Jacques Cousteau NERR
2016-08-08,39.6,JC,17.84,13.143,9.814,15.051,9.016,Jacques Cousteau NERR
2016-08-08,39.6,JC,17.91,13.143,9.814,15.051,9.016,Jacques Cousteau NERR
2016-08-08,39.6,JC,13.37,13.143,9.814,15.051,9.016,Jacques Cousteau NERR
2016-08-08,39.6,JC,16.96,13.143,9.814,15.051,9.016,Jacques Cousteau NERR
2016-08-08,39.6,JC,12.2,13.143,9.814,15.051,9.016,Jacques Cousteau NERR
2016-08-08,39.6,JC,12.14,13.143,9.814,15.051,9.016,Jacques Cousteau NERR
2016-08-08,39.6,JC,17.01,13.143,9.814,15.051,9.016,Jacques Cousteau NERR
2016-08-08,39.6,JC,14.62,13.143,9.814,15.051,9.016,Jacques Cousteau NERR
2016-08-08,39.6,JC,12.37,13.143,9.814,15.051,9.016,Jacques Cousteau NERR
2016-08-08,39.6,JC,19.2,13.143,9.814,15.051,9.016,Jacques Cousteau NERR
2016-08-08,39.6,JC,15.63,13.143,9.814,15.051,9.016,Jacques Cousteau NERR
2016-08-08,39.6,JC,14.62,13.143,9.814,15.051,9.016,Jacques Cousteau NERR
2016-08-09,41.3,CT,15.52,12.05,8.81,13.976,6.567,Sixpenny Island - Connecticut
2016-08-09,41.3,CT,15.26,12.05,8.81,13.976,6.567,Sixpenny Island - Connecticut
2016-08-09,41.3,CT,15.62,12.05,8.81,13.976,6.567,Sixpenny Island - Connecticut
2016-08-09,41.3,CT,16.75,12.05,8.81,13.976,6.567,Sixpenny Island - Connecticut
2016-08-09,41.3,CT,15.96,12.05,8.81,13.976,6.567,Sixpenny Island - Connecticut
2016-08-09,41.3,CT,12.26,12.05,8.81,13.976,6.567,Sixpenny Island - Connecticut
2016-08-09,41.3,CT,11.01,12.05,8.81,13.976,6.567,Sixpenny Island - Connecticut
2016-08-09,41.3,CT,13.47,12.05,8.81,13.976,6.567,Sixpenny Island - Connecticut
2016-08-09,41.3,CT,16.05,12.05,8.81,13.976,6.567,Sixpenny Island - Connecticut
2016-08-09,41.3,CT,16.35,12.05,8.81,13.976,6.567,Sixpenny Island - Connecticut
2016-08-09,41.3,CT,16.04,12.05,8.81,13.976,6.567,Sixpenny Island - Connecticut
2016-08-09,41.3,CT,15.43,12.05,8.81,13.976,6.567,Sixpenny Island - Connecticut
2016-08-09,41.3,CT,16.29,12.05,8.81,13.976,6.567,Sixpenny Island - Connecticut
2016-08-09,41.3,CT,13.95,12.05,8.81,13.976,6.567,Sixpenny Island - Connecticut
2016-08-09,41.3,CT,17.75,12.05,8.81,13.976,6.567,Sixpenny Island - Connecticut
2016-08-09,41.3,CT,12.08,12.05,8.81,13.976,6.567,Sixpenny Island - Connecticut
2016-08-09,41.3,CT,12.03,12.05,8.81,13.976,6.567,Sixpenny Island - Connecticut
2016-08-09,41.3,CT,11.56,12.05,8.81,13.976,6.567,Sixpenny Island - Connecticut
2016-08-09,41.3,CT,15.73,12.05,8.81,13.976,6.567,Sixpenny Island - Connecticut
2016-08-09,41.3,CT,17.4,12.05,8.81,13.976,6.567,Sixpenny Island - Connecticut
2016-08-09,41.3,CT,11.3,12.05,8.81,13.976,6.567,Sixpenny Island - Connecticut
2016-08-09,41.3,CT,12.03,12.05,8.81,13.976,6.567,Sixpenny Island - Connecticut
2016-08-09,41.3,CT,17.08,12.05,8.81,13.976,6.567,Sixpenny Island - Connecticut
2016-08-09,41.3,CT,12.24,12.05,8.81,13.976,6.567,Sixpenny Island - Connecticut
2016-08-09,41.3,CT,11.34,12.05,8.81,13.976,6.567,Sixpenny Island - Connecticut
2016-08-09,41.3,CT,19.47,12.05,8.81,13.976,6.567,Sixpenny Island - Connecticut
2016-08-09,41.3,CT,13.5,12.05,8.81,13.976,6.567,Sixpenny Island - Connecticut
2016-08-09,41.3,CT,15.8,12.05,8.81,13.976,6.567,Sixpenny Island - Connecticut
2016-08-09,41.3,CT,17.04,12.05,8.81,13.976,6.567,Sixpenny Island - Connecticut
2016-08-09,41.3,CT,18.06,12.05,8.81,13.976,6.567,Sixpenny Island - Connecticut
2016-08-09,41.3,CT,12.75,12.05,8.81,13.976,6.567,Sixpenny Island - Connecticut
2016-08-09,41.3,CT,11.78,12.05,8.81,13.976,6.567,Sixpenny Island - Connecticut
2016-08-09,41.3,CT,15.92,12.05,8.81,13.976,6.567,Sixpenny Island - Connecticut
2016-08-09,41.6,NB,20.28,12.205,9.483,17.504,7.865,Narragansett Bay NERR
2016-07-28,41.6,NB,19.54,12.205,9.483,17.504,7.865,Narragansett Bay NERR
2016-07-28,41.6,NB,21.94,12.205,9.483,17.504,7.865,Narragansett Bay NERR
2016-07-28,41.6,NB,16.95,12.205,9.483,17.504,7.865,Narragansett Bay NERR
2016-07-28,41.6,NB,15.03,12.205,9.483,17.504,7.865,Narragansett Bay NERR
2016-07-28,41.6,NB,16.2,12.205,9.483,17.504,7.865,Narragansett Bay NERR
2016-07-28,41.6,NB,21.47,12.205,9.483,17.504,7.865,Narragansett Bay NERR
2016-07-28,41.6,NB,17.97,12.205,9.483,17.504,7.865,Narragansett Bay NERR
2016-07-28,41.6,NB,18.31,12.205,9.483,17.504,7.865,Narragansett Bay NERR
2016-07-28,41.6,NB,16.56,12.205,9.483,17.504,7.865,Narragansett Bay NERR
2016-07-28,41.6,NB,18.23,12.205,9.483,17.504,7.865,Narragansett Bay NERR
2016-07-28,41.6,NB,17.93,12.205,9.483,17.504,7.865,Narragansett Bay NERR
2016-07-28,41.6,NB,17.48,12.205,9.483,17.504,7.865,Narragansett Bay NERR
2016-07-28,41.6,NB,17.17,12.205,9.483,17.504,7.865,Narragansett Bay NERR
2016-07-28,41.6,NB,17.44,12.205,9.483,17.504,7.865,Narragansett Bay NERR
2016-07-28,41.6,NB,14.82,12.205,9.483,17.504,7.865,Narragansett Bay NERR
2016-07-28,41.6,NB,13.19,12.205,9.483,17.504,7.865,Narragansett Bay NERR
2016-07-28,41.6,NB,13.25,12.205,9.483,17.504,7.865,Narragansett Bay NERR
2016-07-28,41.6,NB,14.52,12.205,9.483,17.504,7.865,Narragansett Bay NERR
2016-07-28,41.6,NB,17.55,12.205,9.483,17.504,7.865,Narragansett Bay NERR
2016-07-28,41.6,NB,20.78,12.205,9.483,17.504,7.865,Narragansett Bay NERR
2016-07-28,41.6,NB,18.33,12.205,9.483,17.504,7.865,Narragansett Bay NERR
2016-07-28,41.6,NB,17.85,12.205,9.483,17.504,7.865,Narragansett Bay NERR
2016-07-28,41.6,NB,14.16,12.205,9.483,17.504,7.865,Narragansett Bay NERR
2016-07-28,41.6,NB,15.85,12.205,9.483,17.504,7.865,Narragansett Bay NERR
2016-07-28,41.6,NB,14.16,12.205,9.483,17.504,7.865,Narragansett Bay NERR
2016-07-28,41.6,NB,15.85,12.205,9.483,17.504,7.865,Narragansett Bay NERR
2016-07-28,41.6,NB,17.13,12.205,9.483,17.504,7.865,Narragansett Bay NERR
2016-07-28,41.6,NB,17.13,12.205,9.483,17.504,7.865,Narragansett Bay NERR
2016-07-25,41.9,CC,17.39,11.28,8.11,14.01,6.9,Cape Cod
2016-07-25,41.9,CC,19.33,11.28,8.11,14.01,6.9,Cape Cod
2016-07-25,41.9,CC,18.84,11.28,8.11,14.01,6.9,Cape Cod
2016-07-25,41.9,CC,14.8,11.28,8.11,14.01,6.9,Cape Cod
2016-07-25,41.9,CC,18.07,11.28,8.11,14.01,6.9,Cape Cod
2016-07-25,41.9,CC,19.31,11.28,8.11,14.01,6.9,Cape Cod
2016-07-25,41.9,CC,17.1,11.28,8.11,14.01,6.9,Cape Cod
2016-07-25,41.9,CC,17.17,11.28,8.11,14.01,6.9,Cape Cod
2016-07-25,41.9,CC,18.39,11.28,8.11,14.01,6.9,Cape Cod
2016-07-25,41.9,CC,18.94,11.28,8.11,14.01,6.9,Cape Cod
2016-07-25,41.9,CC,15.58,11.28,8.11,14.01,6.9,Cape Cod
2016-07-25,41.9,CC,18.82,11.28,8.11,14.01,6.9,Cape Cod
2016-07-25,41.9,CC,16.25,11.28,8.11,14.01,6.9,Cape Cod
2016-07-25,41.9,CC,16.63,11.28,8.11,14.01,6.9,Cape Cod
2016-07-25,41.9,CC,15.54,11.28,8.11,14.01,6.9,Cape Cod
2016-07-25,41.9,CC,19.27,11.28,8.11,14.01,6.9,Cape Cod
2016-07-25,41.9,CC,14.4,11.28,8.11,14.01,6.9,Cape Cod
2016-07-25,41.9,CC,19.85,11.28,8.11,14.01,6.9,Cape Cod
2016-07-25,41.9,CC,16.74,11.28,8.11,14.01,6.9,Cape Cod
2016-07-25,41.9,CC,13.84,11.28,8.11,14.01,6.9,Cape Cod
2016-07-25,41.9,CC,16.54,11.28,8.11,14.01,6.9,Cape Cod
2016-07-25,41.9,CC,16.07,11.28,8.11,14.01,6.9,Cape Cod
2016-07-25,41.9,CC,15.28,11.28,8.11,14.01,6.9,Cape Cod
2016-07-25,41.9,CC,16.69,11.28,8.11,14.01,6.9,Cape Cod
2016-07-25,41.9,CC,16.79,11.28,8.11,14.01,6.9,Cape Cod
2016-07-25,41.9,CC,10.62,11.28,8.11,14.01,6.9,Cape Cod
2016-07-25,41.9,CC,15.76,11.28,8.11,14.01,6.9,Cape Cod
2016-08-12,42.2,BC,23.43,11.63,9.53,14.01,6.9,Bare Cove Park
2016-08-12,42.2,BC,17,11.63,9.53,14.01,6.9,Bare Cove Park
2016-08-12,42.2,BC,19.17,11.63,9.53,14.01,6.9,Bare Cove Park
2016-08-12,42.2,BC,16.35,11.63,9.53,14.01,6.9,Bare Cove Park
2016-08-12,42.2,BC,21.49,11.63,9.53,14.01,6.9,Bare Cove Park
2016-08-12,42.2,BC,22.02,11.63,9.53,14.01,6.9,Bare Cove Park
2016-08-12,42.2,BC,22.21,11.63,9.53,14.01,6.9,Bare Cove Park
2016-08-12,42.2,BC,22.44,11.63,9.53,14.01,6.9,Bare Cove Park
2016-08-12,42.2,BC,21.92,11.63,9.53,14.01,6.9,Bare Cove Park
2016-08-12,42.2,BC,19.8,11.63,9.53,14.01,6.9,Bare Cove Park
2016-08-12,42.2,BC,21.03,11.63,9.53,14.01,6.9,Bare Cove Park
2016-08-12,42.2,BC,18.41,11.63,9.53,14.01,6.9,Bare Cove Park
2016-08-12,42.2,BC,20.19,11.63,9.53,14.01,6.9,Bare Cove Park
2016-08-12,42.2,BC,17.97,11.63,9.53,14.01,6.9,Bare Cove Park
2016-08-12,42.2,BC,11.56,11.63,9.53,14.01,6.9,Bare Cove Park
2016-08-12,42.2,BC,19.58,11.63,9.53,14.01,6.9,Bare Cove Park
2016-08-12,42.2,BC,18.1,11.63,9.53,14.01,6.9,Bare Cove Park
2016-08-12,42.2,BC,15.22,11.63,9.53,14.01,6.9,Bare Cove Park
2016-08-12,42.2,BC,19.25,11.63,9.53,14.01,6.9,Bare Cove Park
2016-08-12,42.2,BC,19.99,11.63,9.53,14.01,6.9,Bare Cove Park
2016-08-12,42.2,BC,21.81,11.63,9.53,14.01,6.9,Bare Cove Park
2016-08-12,42.2,BC,21.39,11.63,9.53,14.01,6.9,Bare Cove Park
2016-08-12,42.2,BC,17.33,11.63,9.53,14.01,6.9,Bare Cove Park
2016-08-12,42.2,BC,11.39,11.63,9.53,14.01,6.9,Bare Cove Park
2016-08-12,42.2,BC,10.15,11.63,9.53,14.01,6.9,Bare Cove Park
2016-08-12,42.2,BC,12.92,11.63,9.53,14.01,6.9,Bare Cove Park
2016-08-12,42.2,BC,9.42,11.63,9.53,14.01,6.9,Bare Cove Park
2016-08-12,42.2,BC,12.74,11.63,9.53,14.01,6.9,Bare Cove Park
2016-08-12,42.2,BC,11.58,11.63,9.53,14.01,6.9,Bare Cove Park
2016-08-12,42.2,BC,10.1,11.63,9.53,14.01,6.9,Bare Cove Park
2016-08-12,42.2,BC,11.77,11.63,9.53,14.01,6.9,Bare Cove Park
2016-08-12,42.2,BC,11.51,11.63,9.53,14.01,6.9,Bare Cove Park
2016-08-12,42.2,BC,9.01,11.63,9.53,14.01,6.9,Bare Cove Park
2016-08-12,42.2,BC,10.04,11.63,9.53,14.01,6.9,Bare Cove Park
2016-08-12,42.2,BC,10.91,11.63,9.53,14.01,6.9,Bare Cove Park
2016-08-12,42.2,BC,10.24,11.63,9.53,14.01,6.9,Bare Cove Park
2016-08-12,42.2,BC,9.86,11.63,9.53,14.01,6.9,Bare Cove Park
2016-08-13,42.7,PIE,17.58,10.293,9.45,14.33,4.838,Plum Island Estuary - West Creek
2016-08-13,42.7,PIE,21.19,10.293,9.45,14.33,4.838,Plum Island Estuary - West Creek
2016-08-13,42.7,PIE,20.2,10.293,9.45,14.33,4.838,Plum Island Estuary - West Creek
2016-08-13,42.7,PIE,18.75,10.293,9.45,14.33,4.838,Plum Island Estuary - West Creek
2016-08-13,42.7,PIE,17.54,10.293,9.45,14.33,4.838,Plum Island Estuary - West Creek
2016-08-13,42.7,PIE,22.13,10.293,9.45,14.33,4.838,Plum Island Estuary - West Creek
2016-08-13,42.7,PIE,19.51,10.293,9.45,14.33,4.838,Plum Island Estuary - West Creek
2016-08-13,42.7,PIE,18.09,10.293,9.45,14.33,4.838,Plum Island Estuary - West Creek
2016-08-13,42.7,PIE,17.98,10.293,9.45,14.33,4.838,Plum Island Estuary - West Creek
2016-08-13,42.7,PIE,19.96,10.293,9.45,14.33,4.838,Plum Island Estuary - West Creek
2016-08-13,42.7,PIE,18.94,10.293,9.45,14.33,4.838,Plum Island Estuary - West Creek
2016-08-13,42.7,PIE,20.37,10.293,9.45,14.33,4.838,Plum Island Estuary - West Creek
2016-08-13,42.7,PIE,17.75,10.293,9.45,14.33,4.838,Plum Island Estuary - West Creek
2016-08-13,42.7,PIE,16.29,10.293,9.45,14.33,4.838,Plum Island Estuary - West Creek
2016-08-13,42.7,PIE,9.92,10.293,9.45,14.33,4.838,Plum Island Estuary - West Creek
2016-08-13,42.7,PIE,16.18,10.293,9.45,14.33,4.838,Plum Island Estuary - West Creek
2016-08-13,42.7,PIE,18.06,10.293,9.45,14.33,4.838,Plum Island Estuary - West Creek
2016-08-13,42.7,PIE,19.37,10.293,9.45,14.33,4.838,Plum Island Estuary - West Creek
2016-08-13,42.7,PIE,17.52,10.293,9.45,14.33,4.838,Plum Island Estuary - West Creek
2016-08-13,42.7,PIE,17.71,10.293,9.45,14.33,4.838,Plum Island Estuary - West Creek
2016-08-13,42.7,PIE,20.42,10.293,9.45,14.33,4.838,Plum Island Estuary - West Creek
2016-08-13,42.7,PIE,20.24,10.293,9.45,14.33,4.838,Plum Island Estuary - West Creek
2016-08-13,42.7,PIE,18.67,10.293,9.45,14.33,4.838,Plum Island Estuary - West Creek
2016-08-13,42.7,PIE,17.92,10.293,9.45,14.33,4.838,Plum Island Estuary - West Creek
2016-08-13,42.7,PIE,21.2,10.293,9.45,14.33,4.838,Plum Island Estuary - West Creek
2016-08-13,42.7,PIE,16.25,10.293,9.45,14.33,4.838,Plum Island Estuary - West Creek
2016-08-13,42.7,PIE,20.32,10.293,9.45,14.33,4.838,Plum Island Estuary - West Creek
2016-08-13,42.7,PIE,18.05,10.293,9.45,14.33,4.838,Plum Island Estuary - West Creek
